{"cameraMode":{"drawMode":0,"name":"Shaded","section":"Shading Mode"},"sceneLighting":true,"audioPlay":false,"sceneViewState":{"m_AlwaysRefresh":false,"showFog":true,"showSkybox":true,"showFlares":true,"showImageEffects":true,"showParticleSystems":true,"showVisualEffectGraphs":true,"m_FxEnabled":true},"in2DMode":false,"pivot":{"x":26.720367431640626,"y":3.1506149768829347,"z":23.04493522644043},"rotation":{"x":-0.044419076293706897,"y":0.8344147205352783,"z":-0.06799863278865814,"w":-0.5451327562332153},"size":10.449999809265137,"orthographic":false}